round,client,n_train_samples,local_train_loss,local_test_accuracy,local_test_precision,local_test_recall,local_test_f1,local_test_auc,local_test_specificity,local_test_sensitivity,local_test_balanced_accuracy,size_weight,performance_weight,adaptive_weight
1,0,1308,0.3801903761741592,0.5216494845360825,0.5197505197505198,0.9960159362549801,0.6830601092896175,0.8554840467191066,0.01282051282051282,0.9960159362549801,0.5044182245377464,,,
1,1,1308,0.3593414538517231,0.5319587628865979,0.5252100840336135,0.9960159362549801,0.687757909215956,0.8220792045493241,0.03418803418803419,0.9960159362549801,0.5151019852215072,,,
1,2,1308,0.3532540556134247,0.5237113402061856,0.5208333333333334,0.9960159362549801,0.6839945280437757,0.850597609561753,0.017094017094017096,0.9960159362549801,0.5065549766744986,,,
1,3,1308,0.36024104981887634,0.5257731958762887,0.5218295218295218,1.0,0.6857923497267759,0.8816017979364592,0.017094017094017096,1.0,0.5085470085470085,,,
2,0,1308,0.26499744039483186,0.5319587628865979,0.5253164556962026,0.9920318725099602,0.6868965517241379,0.8755405727517281,0.038461538461538464,0.9920318725099602,0.5152467054857494,,,
2,1,1308,0.24713776460508022,0.7711340206185567,0.717391304347826,0.9203187250996016,0.806282722513089,0.9072768754043655,0.6111111111111112,0.9203187250996016,0.7657149181053564,,,
2,2,1308,0.23076826673818798,0.5278350515463918,0.5229166666666667,1.0,0.6867305061559508,0.8684577927605817,0.021367521367521368,1.0,0.5106837606837606,,,
2,3,1308,0.2616334103956455,0.6412371134020619,0.5932203389830508,0.9760956175298805,0.7379518072289156,0.908315456124221,0.28205128205128205,0.9760956175298805,0.6290734497905812,,,
3,0,1308,0.21245260129614574,0.5958762886597938,0.5617977528089888,0.9960159362549801,0.7183908045977011,0.9076514455000511,0.16666666666666666,0.9960159362549801,0.5813413014608234,,,
3,1,1308,0.21488626370342767,0.5567010309278351,0.5391304347826087,0.9880478087649402,0.6976090014064698,0.848537474035482,0.09401709401709402,0.9880478087649402,0.5410324513910172,,,
3,2,1308,0.1859902068790866,0.6103092783505155,0.5717592592592593,0.9840637450199203,0.7232796486090776,0.9171178533728334,0.2094017094017094,0.9840637450199203,0.5967327272108148,,,
3,3,1308,0.2057761863600917,0.6185567010309279,0.5763888888888888,0.9920318725099602,0.7291361639824304,0.925273265910716,0.21794871794871795,0.9920318725099602,0.6049902952293391,,,
4,0,1308,0.1864350825184729,0.5484536082474227,0.5340425531914894,1.0,0.6962552011095701,0.8951033472945823,0.0641025641025641,1.0,0.532051282051282,,,
4,1,1308,0.1867066213997399,0.5711340206185567,0.5468409586056645,1.0,0.7070422535211267,0.927588790138591,0.1111111111111111,1.0,0.5555555555555556,,,
4,2,1308,0.1723159868179298,0.5360824742268041,0.5273109243697479,1.0,0.6905089408528198,0.8990193073858413,0.038461538461538464,1.0,0.5192307692307693,,,
4,3,1308,0.1717615877891459,0.5175257731958763,0.5175257731958763,1.0,0.6820652173913043,0.9092774202335955,0.0,1.0,0.5,,,
5,0,1308,0.1729937158888433,0.6659793814432989,0.6098765432098765,0.9840637450199203,0.7530487804878049,0.9175264752953995,0.3247863247863248,0.9840637450199203,0.6544250349031225,,,
5,1,1308,0.18299826021964957,0.7381443298969073,0.6703296703296703,0.9721115537848606,0.7934959349593496,0.935301528927027,0.48717948717948717,0.9721115537848606,0.7296455204821739,,,
5,2,1308,0.14925399184590432,0.5319587628865979,0.5251046025104602,1.0,0.6886145404663924,0.8996237273129705,0.029914529914529916,1.0,0.5149572649572649,,,
5,3,1308,0.16146981225508014,0.5814432989690722,0.552863436123348,1.0,0.7120567375886525,0.9274015050907481,0.13247863247863248,1.0,0.5662393162393162,,,
6,0,1308,0.15511365966280785,0.6804123711340206,0.6188118811881188,0.9960159362549801,0.7633587786259542,0.937957571423707,0.3418803418803419,0.9960159362549801,0.668948139067661,,,
6,1,1308,0.15590507735202952,0.6164948453608248,0.5747126436781609,0.9960159362549801,0.7288629737609329,0.9209146320700105,0.2094017094017094,0.9960159362549801,0.6027088228283447,,,
6,2,1308,0.13702079035886905,0.5979381443298969,0.5630630630630631,0.9960159362549801,0.7194244604316546,0.9156536248169714,0.17094017094017094,0.9960159362549801,0.5834780535975755,,,
6,3,1308,0.14756875129007713,0.6144329896907217,0.5737327188940092,0.9920318725099602,0.727007299270073,0.9117206388122723,0.2094017094017094,0.9920318725099602,0.6007167909558347,,,
7,0,1308,0.15192269000520067,0.5793814432989691,0.5516483516483517,1.0,0.7110481586402266,0.9316579834508122,0.1282051282051282,1.0,0.5641025641025641,,,
7,1,1308,0.15573253110051155,0.5917525773195876,0.5590200445434298,1.0,0.7171428571428572,0.9172710865937957,0.15384615384615385,1.0,0.5769230769230769,,,
7,2,1308,0.1234689455297662,0.6577319587628866,0.6034063260340633,0.9880478087649402,0.7492447129909365,0.920080362311438,0.3034188034188034,0.9880478087649402,0.6457333060918719,,,
7,3,1308,0.14193013204125368,0.8515463917525773,0.7973421926910299,0.9561752988047809,0.8695652173913043,0.943286682330507,0.7393162393162394,0.9561752988047809,0.8477457690605101,,,
8,0,1308,0.14052315526074025,0.6061855670103092,0.5678733031674208,1.0,0.7243867243867244,0.9366891408724077,0.18376068376068377,1.0,0.5918803418803419,,,
8,1,1308,0.14858925180827698,0.5876288659793815,0.5565410199556541,1.0,0.7150997150997151,0.9409881840160724,0.1452991452991453,1.0,0.5726495726495726,,,
8,2,1308,0.1249903151174871,0.7443298969072165,0.673972602739726,0.9800796812749004,0.7987012987012987,0.9374808458473797,0.49145299145299143,0.9800796812749004,0.735766336363946,,,
8,3,1308,0.13921847502451118,0.5690721649484536,0.5456521739130434,1.0,0.7060478199718706,0.9283209044165219,0.10683760683760683,1.0,0.5534188034188035,,,
9,0,1308,0.13771538957044846,0.734020618556701,0.6613756613756614,0.9960159362549801,0.794912559618442,0.942758879013859,0.452991452991453,0.9960159362549801,0.7245036946232165,,,
9,1,1308,0.13640830120662364,0.6907216494845361,0.6265664160401002,0.9960159362549801,0.7692307692307693,0.9409711581026322,0.36324786324786323,0.9960159362549801,0.6796318997514217,,,
9,2,1308,0.12021384579015941,0.5649484536082474,0.5432900432900433,1.0,0.7040673211781207,0.9356590731092723,0.09829059829059829,1.0,0.5491452991452992,,,
9,3,1308,0.12385217740041454,0.5360824742268041,0.5273109243697479,1.0,0.6905089408528198,0.917483910511799,0.038461538461538464,1.0,0.5192307692307693,,,
10,0,1308,0.13194501662581432,0.8804123711340206,0.8458781362007168,0.9402390438247012,0.8905660377358491,0.9415330132461608,0.8162393162393162,0.9402390438247012,0.8782391800320087,,,
10,1,1308,0.131587988892343,0.5237113402061856,0.520746887966805,1.0,0.684856753069577,0.9232471822113257,0.01282051282051282,1.0,0.5064102564102564,,,
10,2,1308,0.11258006786427847,0.5319587628865979,0.5251046025104602,1.0,0.6886145404663924,0.9174158068580379,0.029914529914529916,1.0,0.5149572649572649,,,
10,3,1308,0.11875536732557343,0.6824742268041237,0.6203473945409429,0.9960159362549801,0.764525993883792,0.9201314400517588,0.34615384615384615,0.9960159362549801,0.6710848912044132,,,
11,0,1308,0.13167832903563975,0.6123711340206186,0.571753986332574,1.0,0.7275362318840579,0.9251711104300745,0.19658119658119658,1.0,0.5982905982905983,,,
11,1,1308,0.1271640806390745,0.7030927835051546,0.6368286445012787,0.9920318725099602,0.7757009345794392,0.9442060816562808,0.39316239316239315,0.9920318725099602,0.6925971328361766,,,
11,2,1308,0.11128714097345747,0.6,0.5640449438202247,1.0,0.7212643678160919,0.9236898559607722,0.17094017094017094,1.0,0.5854700854700855,,,
11,3,1308,0.1284775245207839,0.8515463917525773,0.9162790697674419,0.7848605577689243,0.8454935622317596,0.9396090850274117,0.9230769230769231,0.7848605577689243,0.8539687404229237,,,
12,0,1308,0.12346751228338335,0.6948453608247422,0.6310432569974554,0.9880478087649402,0.7701863354037267,0.9295297442707801,0.3803418803418803,0.9880478087649402,0.6841948445534103,,,
12,1,1308,0.13179613876088364,0.7484536082474227,0.6796657381615598,0.9721115537848606,0.8,0.9061020873769877,0.5085470085470085,0.9721115537848606,0.7403292811659345,,,
12,2,1308,0.10345576111136413,0.7546391752577319,0.6813186813186813,0.9880478087649402,0.8065040650406504,0.9380427009909081,0.5042735042735043,0.9880478087649402,0.7461606565192223,,,
12,3,1308,0.11495221739680302,0.5175257731958763,0.5175257731958763,1.0,0.6820652173913043,0.9173306772908366,0.0,1.0,0.5,,,
13,0,1308,0.1184469820340959,0.7731958762886598,0.6997167138810199,0.9840637450199203,0.8178807947019867,0.9445976776654067,0.5470085470085471,0.9840637450199203,0.7655361460142337,,,
13,1,1308,0.12362188301617053,0.5402061855670103,0.5295358649789029,1.0,0.6924137931034483,0.9349184458746213,0.04700854700854701,1.0,0.5235042735042735,,,
13,2,1308,0.10507074559061992,0.6762886597938145,0.6163366336633663,0.9920318725099602,0.7603053435114504,0.9014540130077978,0.33760683760683763,0.9920318725099602,0.664819355058399,,,
13,3,1308,0.10577999613724831,0.8536082474226804,0.802013422818792,0.952191235059761,0.8706739526411658,0.9358804099839957,0.7478632478632479,0.952191235059761,0.8500272414615044,,,
14,0,1308,0.12262362637897817,0.6288659793814433,0.5827505827505828,0.9960159362549801,0.7352941176470589,0.922268192188511,0.23504273504273504,0.9960159362549801,0.6155293356488576,,,
14,1,1308,0.13384454475670327,0.6969072164948453,0.631979695431472,0.9920318725099602,0.772093023255814,0.939898525555896,0.3803418803418803,0.9920318725099602,0.6861868764259202,,,
14,2,1308,0.10034175397055906,0.7463917525773196,0.672972972972973,0.9920318725099602,0.8019323671497585,0.9397793441618143,0.4829059829059829,0.9920318725099602,0.7374689277079716,,,
14,3,1308,0.10808414586070107,0.5422680412371134,0.5306553911205074,1.0,0.6933701657458563,0.9282442878060407,0.05128205128205128,1.0,0.5256410256410257,,,
15,0,1308,0.11994731421241674,0.8412371134020619,0.7861842105263158,0.952191235059761,0.8612612612612612,0.9318793203255354,0.7222222222222222,0.952191235059761,0.8372067286409917,,,
15,1,1308,0.12105245273560286,0.845360824742268,0.9036697247706422,0.7848605577689243,0.8400852878464818,0.9243538665849425,0.9102564102564102,0.7848605577689243,0.8475584840126673,,,
15,2,1308,0.09619187684956847,0.865979381443299,0.8184931506849316,0.952191235059761,0.8802946593001841,0.9377532604624238,0.7735042735042735,0.952191235059761,0.8628477542820172,,,
15,3,1308,0.11014734453907828,0.6329896907216495,0.585081585081585,1.0,0.7382352941176471,0.9297000034051828,0.23931623931623933,1.0,0.6196581196581197,,,
16,0,1308,0.1148689768072672,0.6185567010309279,0.5756880733944955,1.0,0.7307132459970888,0.9246858718970273,0.2094017094017094,1.0,0.6047008547008547,,,
16,1,1308,0.12193775251962063,0.7690721649484537,0.698005698005698,0.9760956175298805,0.813953488372093,0.9327987196513092,0.5470085470085471,0.9760956175298805,0.7615520822692138,,,
16,2,1308,0.09880188569063093,0.5422680412371134,0.5306553911205074,1.0,0.6933701657458563,0.9195185071679096,0.05128205128205128,1.0,0.5256410256410257,,,
16,3,1308,0.10076214032383954,0.8783505154639175,0.884,0.8804780876494024,0.8822355289421158,0.9405965880069466,0.8760683760683761,0.8804780876494024,0.8782732318588893,,,
17,0,1308,0.10536293185702185,0.6597938144329897,0.6033653846153846,1.0,0.7526236881559221,0.9468280723260802,0.2948717948717949,1.0,0.6474358974358975,,,
17,1,1308,0.12179174934763734,0.5711340206185567,0.5468409586056645,1.0,0.7070422535211267,0.9272823236966664,0.1111111111111111,1.0,0.5555555555555556,,,
17,2,1308,0.09560047783775301,0.6701030927835051,0.6112469437652812,0.9960159362549801,0.7575757575757576,0.9389195355330813,0.32051282051282054,0.9960159362549801,0.6582643783839003,,,
17,3,1308,0.10385738936502759,0.6597938144329897,0.6038647342995169,0.9960159362549801,0.7518796992481203,0.9258691728811251,0.29914529914529914,0.9960159362549801,0.6475806177001396,,,
18,0,1308,0.10660323593765497,0.5690721649484536,0.5456521739130434,1.0,0.7060478199718706,0.9231535396874042,0.10683760683760683,1.0,0.5534188034188035,,,
18,1,1308,0.11552358652215178,0.7587628865979381,0.6850828729281768,0.9880478087649402,0.8091353996737357,0.942282153437532,0.5128205128205128,0.9880478087649402,0.7504341607927265,,,
18,2,1308,0.09545904292111716,0.7814432989690722,0.7089337175792507,0.9800796812749004,0.822742474916388,0.9313344910954473,0.5683760683760684,0.9800796812749004,0.7742278748254844,,,
18,3,1308,0.10896981964569266,0.6742268041237114,0.6142506142506142,0.9960159362549801,0.7598784194528876,0.9386471209180374,0.32905982905982906,0.9960159362549801,0.6625378826574045,,,
19,0,1308,0.11313900564138482,0.6020618556701031,0.5653153153153153,1.0,0.7223021582733813,0.9049868900466511,0.1752136752136752,1.0,0.5876068376068376,,,
19,1,1308,0.11581174353728207,0.7814432989690722,0.7077363896848138,0.9840637450199203,0.8233333333333334,0.9396431368542922,0.5641025641025641,0.9840637450199203,0.7740831545612422,,,
19,2,1308,0.09269821554331517,0.7938144329896907,0.7188405797101449,0.9880478087649402,0.8322147651006712,0.9449637348043722,0.5854700854700855,0.9880478087649402,0.7867589471175129,,,
19,3,1308,0.10690258756370806,0.8020618556701031,0.7272727272727273,0.9880478087649402,0.8378378378378378,0.9391153335376443,0.6025641025641025,0.9880478087649402,0.7953059556645214,,,
20,0,1308,0.10660061919834556,0.8515463917525773,0.7859424920127795,0.9800796812749004,0.8723404255319149,0.9538938264037865,0.7136752136752137,0.9800796812749004,0.8468774474750571,,,
20,1,1308,0.1113254919103006,0.5298969072164949,0.524008350730689,1.0,0.6876712328767123,0.9414819355058399,0.02564102564102564,1.0,0.5128205128205128,,,
20,2,1308,0.09380622366670428,0.668041237113402,0.6097560975609756,0.9960159362549801,0.75642965204236,0.934978036571662,0.3162393162393162,0.9960159362549801,0.6561276262471482,,,
20,3,1308,0.09672358791548305,0.709278350515464,0.6410256410256411,0.9960159362549801,0.7800312012480499,0.9426311846630571,0.4017094017094017,0.9960159362549801,0.6988626689821908,,,
