round,global_weight_drift_l2
1,0.03153092377123533
2,0.012525892661501028
3,0.009207449378403102
4,0.00723607220820756
5,0.005952351236867156
6,0.004778172139758361
7,0.00419276931615761
8,0.003553686245422109
9,0.0033958179454384747
10,0.002809410319393834
11,0.002713601775910506
12,0.0025233458319634298
13,0.0023695989699497304
14,0.0022618029971100705
15,0.00209728091674901
16,0.0019431877218831722
17,0.0018644791500220593
18,0.0017176398321194178
19,0.0017043226810762291
20,0.0016165934506153644
