threshold,accuracy,precision,recall,sensitivity,specificity,f1,balanced_accuracy,tn,fp,fn,tp,auc
0.05,0.6329896907216495,0.585480093676815,0.9960159362549801,0.9960159362549801,0.24358974358974358,0.7374631268436578,0.6198028399223618,57,177,1,250,0.9460619062212687
0.06,0.6412371134020619,0.5910165484633569,0.9960159362549801,0.9960159362549801,0.2606837606837607,0.7418397626112759,0.6283498484693704,61,173,1,250,0.9460619062212687
0.07,0.6536082474226804,0.5995203836930456,0.9960159362549801,0.9960159362549801,0.2863247863247863,0.7485029940119761,0.6411703612898831,67,167,1,250,0.9460619062212687
0.08,0.6597938144329897,0.6038647342995169,0.9960159362549801,0.9960159362549801,0.29914529914529914,0.7518796992481203,0.6475806177001396,70,164,1,250,0.9460619062212687
0.09,0.6639175257731958,0.6067961165048543,0.9960159362549801,0.9960159362549801,0.3076923076923077,0.7541478129713424,0.6518541219736439,72,162,1,250,0.9460619062212687
0.1,0.668041237113402,0.6097560975609756,0.9960159362549801,0.9960159362549801,0.3162393162393162,0.75642965204236,0.6561276262471482,74,160,1,250,0.9460619062212687
0.11,0.6701030927835051,0.6112469437652812,0.9960159362549801,0.9960159362549801,0.32051282051282054,0.7575757575757576,0.6582643783839003,75,159,1,250,0.9460619062212687
0.12,0.6804123711340206,0.6188118811881188,0.9960159362549801,0.9960159362549801,0.3418803418803419,0.7633587786259542,0.668948139067661,80,154,1,250,0.9460619062212687
0.13,0.6804123711340206,0.6188118811881188,0.9960159362549801,0.9960159362549801,0.3418803418803419,0.7633587786259542,0.668948139067661,80,154,1,250,0.9460619062212687
0.14,0.6824742268041237,0.6203473945409429,0.9960159362549801,0.9960159362549801,0.34615384615384615,0.764525993883792,0.6710848912044132,81,153,1,250,0.9460619062212687
0.15,0.6865979381443299,0.6234413965087282,0.9960159362549801,0.9960159362549801,0.3547008547008547,0.7668711656441718,0.6753583954779174,83,151,1,250,0.9460619062212687
0.16,0.6948453608247422,0.6297229219143576,0.9960159362549801,0.9960159362549801,0.3717948717948718,0.7716049382716049,0.683905404024926,87,147,1,250,0.9460619062212687
0.17,0.6969072164948453,0.6313131313131313,0.9960159362549801,0.9960159362549801,0.37606837606837606,0.7727975270479135,0.6860421561616781,88,146,1,250,0.9460619062212687
0.18,0.7010309278350515,0.6345177664974619,0.9960159362549801,0.9960159362549801,0.38461538461538464,0.7751937984496124,0.6903156604351823,90,144,1,250,0.9460619062212687
0.19,0.7030927835051546,0.6361323155216285,0.9960159362549801,0.9960159362549801,0.3888888888888889,0.7763975155279503,0.6924524125719345,91,143,1,250,0.9460619062212687
0.2,0.7134020618556701,0.6443298969072165,0.9960159362549801,0.9960159362549801,0.41025641025641024,0.7824726134585289,0.7031361732556951,96,138,1,250,0.9460619062212687
0.21,0.7195876288659794,0.6493506493506493,0.9960159362549801,0.9960159362549801,0.4230769230769231,0.7861635220125787,0.7095464296659516,99,135,1,250,0.9460619062212687
0.22,0.7257731958762886,0.6544502617801047,0.9960159362549801,0.9960159362549801,0.4358974358974359,0.7898894154818326,0.715956686076208,102,132,1,250,0.9460619062212687
0.23,0.7319587628865979,0.6596306068601583,0.9960159362549801,0.9960159362549801,0.44871794871794873,0.7936507936507936,0.7223669424864644,105,129,1,250,0.9460619062212687
0.24,0.7360824742268042,0.6631299734748011,0.9960159362549801,0.9960159362549801,0.45726495726495725,0.7961783439490446,0.7266404467599686,107,127,1,250,0.9460619062212687
0.25,0.7381443298969073,0.6648936170212766,0.9960159362549801,0.9960159362549801,0.46153846153846156,0.7974481658692185,0.7287771988967209,108,126,1,250,0.9460619062212687
0.26,0.7402061855670103,0.6666666666666666,0.9960159362549801,0.9960159362549801,0.4658119658119658,0.7987220447284346,0.730913951033473,109,125,1,250,0.9460619062212687
0.27,0.7463917525773196,0.6720430107526881,0.9960159362549801,0.9960159362549801,0.47863247863247865,0.8025682182985554,0.7373242074437294,112,122,1,250,0.9460619062212687
0.28,0.7484536082474227,0.6738544474393531,0.9960159362549801,0.9960159362549801,0.4829059829059829,0.8038585209003215,0.7394609595804815,113,121,1,250,0.9460619062212687
0.29,0.7525773195876289,0.6775067750677507,0.9960159362549801,0.9960159362549801,0.49145299145299143,0.8064516129032258,0.7437344638539858,115,119,1,250,0.9460619062212687
0.3,0.7587628865979381,0.6830601092896175,0.9960159362549801,0.9960159362549801,0.5042735042735043,0.8103727714748784,0.7501447202642422,118,116,1,250,0.9460619062212687
0.31,0.7649484536082474,0.6887052341597796,0.9960159362549801,0.9960159362549801,0.5170940170940171,0.8143322475570033,0.7565549766744986,121,113,1,250,0.9460619062212687
0.32,0.7649484536082474,0.6887052341597796,0.9960159362549801,0.9960159362549801,0.5170940170940171,0.8143322475570033,0.7565549766744986,121,113,1,250,0.9460619062212687
0.33,0.7649484536082474,0.6887052341597796,0.9960159362549801,0.9960159362549801,0.5170940170940171,0.8143322475570033,0.7565549766744986,121,113,1,250,0.9460619062212687
0.34,0.7690721649484537,0.6925207756232687,0.9960159362549801,0.9960159362549801,0.5256410256410257,0.8169934640522876,0.7608284809480028,123,111,1,250,0.9460619062212687
0.35,0.7690721649484537,0.6925207756232687,0.9960159362549801,0.9960159362549801,0.5256410256410257,0.8169934640522876,0.7608284809480028,123,111,1,250,0.9460619062212687
0.36,0.7690721649484537,0.6925207756232687,0.9960159362549801,0.9960159362549801,0.5256410256410257,0.8169934640522876,0.7608284809480028,123,111,1,250,0.9460619062212687
0.37,0.7690721649484537,0.6925207756232687,0.9960159362549801,0.9960159362549801,0.5256410256410257,0.8169934640522876,0.7608284809480028,123,111,1,250,0.9460619062212687
0.38,0.7731958762886598,0.6963788300835655,0.9960159362549801,0.9960159362549801,0.5341880341880342,0.819672131147541,0.7651019852215071,125,109,1,250,0.9460619062212687
0.39,0.7752577319587629,0.6983240223463687,0.9960159362549801,0.9960159362549801,0.5384615384615384,0.8210180623973727,0.7672387373582592,126,108,1,250,0.9460619062212687
0.4,0.777319587628866,0.7002801120448179,0.9960159362549801,0.9960159362549801,0.5427350427350427,0.8223684210526315,0.7693754894950113,127,107,1,250,0.9460619062212687
0.41,0.7752577319587629,0.699438202247191,0.9920318725099602,0.9920318725099602,0.5427350427350427,0.8204283360790774,0.7673834576225014,127,107,2,249,0.9460619062212687
0.42,0.7793814432989691,0.7033898305084746,0.9920318725099602,0.9920318725099602,0.5512820512820513,0.8231404958677686,0.7716569618960057,129,105,2,249,0.9460619062212687
0.43,0.7814432989690722,0.7053824362606232,0.9920318725099602,0.9920318725099602,0.5555555555555556,0.8245033112582781,0.7737937140327579,130,104,2,249,0.9460619062212687
0.44,0.7835051546391752,0.7085714285714285,0.9880478087649402,0.9880478087649402,0.5641025641025641,0.8252911813643927,0.7760751864337522,132,102,3,248,0.9460619062212687
0.45,0.7835051546391752,0.7097701149425287,0.9840637450199203,0.9840637450199203,0.5683760683760684,0.8247078464106845,0.7762199066979943,133,101,4,247,0.9460619062212687
0.46,0.7855670103092783,0.7118155619596542,0.9840637450199203,0.9840637450199203,0.5726495726495726,0.8260869565217391,0.7783566588347465,134,100,4,247,0.9460619062212687
0.47,0.7855670103092783,0.7118155619596542,0.9840637450199203,0.9840637450199203,0.5726495726495726,0.8260869565217391,0.7783566588347465,134,100,4,247,0.9460619062212687
0.48,0.7876288659793814,0.7138728323699421,0.9840637450199203,0.9840637450199203,0.5769230769230769,0.8274706867671692,0.7804934109714986,135,99,4,247,0.9460619062212687
0.49,0.7896907216494845,0.7159420289855073,0.9840637450199203,0.9840637450199203,0.5811965811965812,0.8288590604026845,0.7826301631082508,136,98,4,247,0.9460619062212687
0.5,0.7896907216494845,0.7159420289855073,0.9840637450199203,0.9840637450199203,0.5811965811965812,0.8288590604026845,0.7826301631082508,136,98,4,247,0.9460619062212687
0.51,0.7896907216494845,0.717201166180758,0.9800796812749004,0.9800796812749004,0.5854700854700855,0.8282828282828283,0.782774883372493,137,97,5,246,0.9460619062212687
0.52,0.7896907216494845,0.717201166180758,0.9800796812749004,0.9800796812749004,0.5854700854700855,0.8282828282828283,0.782774883372493,137,97,5,246,0.9460619062212687
0.53,0.7917525773195876,0.7192982456140351,0.9800796812749004,0.9800796812749004,0.5897435897435898,0.8296795952782462,0.7849116355092451,138,96,5,246,0.9460619062212687
0.54,0.7896907216494845,0.718475073313783,0.9760956175298805,0.9760956175298805,0.5897435897435898,0.8277027027027027,0.7829196036367352,138,96,6,245,0.9460619062212687
0.55,0.7896907216494845,0.718475073313783,0.9760956175298805,0.9760956175298805,0.5897435897435898,0.8277027027027027,0.7829196036367352,138,96,6,245,0.9460619062212687
0.56,0.7917525773195876,0.7205882352941176,0.9760956175298805,0.9760956175298805,0.594017094017094,0.8291032148900169,0.7850563557734873,139,95,6,245,0.9460619062212687
0.57,0.7958762886597938,0.7248520710059172,0.9760956175298805,0.9760956175298805,0.6025641025641025,0.831918505942275,0.7893298600469916,141,93,6,245,0.9460619062212687
0.58,0.797938144329897,0.7270029673590505,0.9760956175298805,0.9760956175298805,0.6068376068376068,0.8333333333333334,0.7914666121837437,142,92,6,245,0.9460619062212687
0.59,0.8,0.7291666666666666,0.9760956175298805,0.9760956175298805,0.6111111111111112,0.8347529812606473,0.7936033643204958,143,91,6,245,0.9460619062212687
0.6,0.8041237113402062,0.7335329341317365,0.9760956175298805,0.9760956175298805,0.6196581196581197,0.8376068376068376,0.7978768685940001,145,89,6,245,0.9460619062212687
0.61,0.8041237113402062,0.7335329341317365,0.9760956175298805,0.9760956175298805,0.6196581196581197,0.8376068376068376,0.7978768685940001,145,89,6,245,0.9460619062212687
0.62,0.8041237113402062,0.7335329341317365,0.9760956175298805,0.9760956175298805,0.6196581196581197,0.8376068376068376,0.7978768685940001,145,89,6,245,0.9460619062212687
0.63,0.8041237113402062,0.7335329341317365,0.9760956175298805,0.9760956175298805,0.6196581196581197,0.8376068376068376,0.7978768685940001,145,89,6,245,0.9460619062212687
0.64,0.8082474226804124,0.7379518072289156,0.9760956175298805,0.9760956175298805,0.6282051282051282,0.8404802744425386,0.8021503728675043,147,87,6,245,0.9460619062212687
0.65,0.8082474226804124,0.7379518072289156,0.9760956175298805,0.9760956175298805,0.6282051282051282,0.8404802744425386,0.8021503728675043,147,87,6,245,0.9460619062212687
0.66,0.8082474226804124,0.7379518072289156,0.9760956175298805,0.9760956175298805,0.6282051282051282,0.8404802744425386,0.8021503728675043,147,87,6,245,0.9460619062212687
0.67,0.8082474226804124,0.7379518072289156,0.9760956175298805,0.9760956175298805,0.6282051282051282,0.8404802744425386,0.8021503728675043,147,87,6,245,0.9460619062212687
0.68,0.8061855670103093,0.7371601208459214,0.9721115537848606,0.9721115537848606,0.6282051282051282,0.8384879725085911,0.8001583409949944,147,87,7,244,0.9460619062212687
0.69,0.8082474226804124,0.7393939393939394,0.9721115537848606,0.9721115537848606,0.6324786324786325,0.8399311531841652,0.8022950931317465,148,86,7,244,0.9460619062212687
0.7,0.8123711340206186,0.7439024390243902,0.9721115537848606,0.9721115537848606,0.6410256410256411,0.842832469775475,0.8065685974052508,150,84,7,244,0.9460619062212687
0.71,0.8185567010309278,0.7507692307692307,0.9721115537848606,0.9721115537848606,0.6538461538461539,0.8472222222222222,0.8129788538155072,153,81,7,244,0.9460619062212687
0.72,0.8206185567010309,0.7530864197530864,0.9721115537848606,0.9721115537848606,0.6581196581196581,0.8486956521739131,0.8151156059522593,154,80,7,244,0.9460619062212687
0.73,0.8247422680412371,0.7577639751552795,0.9721115537848606,0.9721115537848606,0.6666666666666666,0.8516579406631762,0.8193891102257636,156,78,7,244,0.9460619062212687
0.74,0.8329896907216495,0.7672955974842768,0.9721115537848606,0.9721115537848606,0.6837606837606838,0.8576449912126538,0.8279361187727722,160,74,7,244,0.9460619062212687
0.75,0.8391752577319588,0.7746031746031746,0.9721115537848606,0.9721115537848606,0.6965811965811965,0.8621908127208481,0.8343463751830286,163,71,7,244,0.9460619062212687
0.76,0.8391752577319588,0.7746031746031746,0.9721115537848606,0.9721115537848606,0.6965811965811965,0.8621908127208481,0.8343463751830286,163,71,7,244,0.9460619062212687
0.77,0.843298969072165,0.7795527156549521,0.9721115537848606,0.9721115537848606,0.7051282051282052,0.8652482269503546,0.8386198794565329,165,69,7,244,0.9460619062212687
0.78,0.8494845360824742,0.7870967741935484,0.9721115537848606,0.9721115537848606,0.717948717948718,0.8698752228163993,0.8450301358667893,168,66,7,244,0.9460619062212687
0.79,0.8515463917525773,0.7896440129449838,0.9721115537848606,0.9721115537848606,0.7222222222222222,0.8714285714285714,0.8471668880035415,169,65,7,244,0.9460619062212687
0.8,0.8556701030927835,0.7947882736156352,0.9721115537848606,0.9721115537848606,0.7307692307692307,0.8745519713261649,0.8514403922770457,171,63,7,244,0.9460619062212687
0.81,0.8597938144329897,0.8,0.9721115537848606,0.9721115537848606,0.7393162393162394,0.8776978417266187,0.85571389655055,173,61,7,244,0.9460619062212687
0.82,0.8597938144329897,0.801980198019802,0.9681274900398407,0.9681274900398407,0.7435897435897436,0.8772563176895307,0.8558586168147921,174,60,8,243,0.9460619062212687
0.83,0.8639175257731959,0.8073089700996677,0.9681274900398407,0.9681274900398407,0.7521367521367521,0.8804347826086957,0.8601321210882964,176,58,8,243,0.9460619062212687
0.84,0.8680412371134021,0.8127090301003345,0.9681274900398407,0.9681274900398407,0.7606837606837606,0.8836363636363637,0.8644056253618007,178,56,8,243,0.9460619062212687
0.85,0.8680412371134021,0.8148148148148148,0.9641434262948207,0.9641434262948207,0.7649572649572649,0.8832116788321168,0.8645503456260428,179,55,9,242,0.9460619062212687
0.86,0.8680412371134021,0.8148148148148148,0.9641434262948207,0.9641434262948207,0.7649572649572649,0.8832116788321168,0.8645503456260428,179,55,9,242,0.9460619062212687
0.87,0.8701030927835052,0.8175675675675675,0.9641434262948207,0.9641434262948207,0.7692307692307693,0.8848263254113345,0.866687097762795,180,54,9,242,0.9460619062212687
0.88,0.8701030927835052,0.821917808219178,0.9561752988047809,0.9561752988047809,0.7777777777777778,0.8839779005524862,0.8669765382912793,182,52,11,240,0.9460619062212687
0.89,0.8701030927835052,0.8241379310344827,0.952191235059761,0.952191235059761,0.782051282051282,0.8835489833641405,0.8671212585555215,183,51,12,239,0.9460619062212687
0.9,0.8680412371134021,0.8257839721254355,0.9442231075697212,0.9442231075697212,0.7863247863247863,0.8810408921933085,0.8652739469472537,184,50,14,237,0.9460619062212687
0.91,0.8701030927835052,0.8286713286713286,0.9442231075697212,0.9442231075697212,0.7905982905982906,0.88268156424581,0.8674106990840058,185,49,14,237,0.9460619062212687
0.92,0.8701030927835052,0.8333333333333334,0.9362549800796812,0.9362549800796812,0.7991452991452992,0.8818011257035647,0.8677001396124902,187,47,16,235,0.9460619062212687
0.93,0.8742268041237113,0.8442028985507246,0.9282868525896414,0.9282868525896414,0.8162393162393162,0.8842504743833017,0.8722630844144788,191,43,18,233,0.9460619062212687
0.94,0.8742268041237113,0.8492647058823529,0.9203187250996016,0.9203187250996016,0.8247863247863247,0.8833652007648184,0.8725525249429631,193,41,20,231,0.9460619062212687
0.95,0.8845360824742268,0.8679245283018868,0.9163346613545816,0.9163346613545816,0.8504273504273504,0.8914728682170543,0.883381005890966,199,35,21,230,0.9460619062212687
