round,global_accuracy,global_precision,global_recall,global_f1,global_auc,global_specificity,global_sensitivity,global_balanced_accuracy,global_tn,global_fp,global_fn,global_tp,mean_client_accuracy,std_client_accuracy,global_weight_drift_l2
1,0.5237113402061856,0.520746887966805,1.0,0.684856753069577,0.8361936867912964,0.01282051282051282,1.0,0.5064102564102564,3,231,0,251,0.5257731958762887,0.0038573787492514723,0.030898412583874532
2,0.5525773195876289,0.5367965367965368,0.9880478087649402,0.6956521739130435,0.8935880409983995,0.08547008547008547,0.9880478087649402,0.5367589471175128,20,214,3,248,0.6180412371134021,0.09940170687884749,0.0075541149601510565
3,0.5587628865979382,0.5397849462365591,1.0,0.7011173184357542,0.9167262573637075,0.08547008547008547,1.0,0.5427350427350427,20,214,0,251,0.595360824742268,0.023750527904140773,0.0049353162974701496
4,0.5402061855670103,0.5295358649789029,1.0,0.6924137931034483,0.9133040487622162,0.04700854700854701,1.0,0.5235042735042735,11,223,0,251,0.5432989690721649,0.019478807863599137,0.004298156605329865
5,0.5690721649484536,0.5456521739130434,1.0,0.7060478199718706,0.9260053801886472,0.10683760683760683,1.0,0.5534188034188035,25,209,0,251,0.6293814432989691,0.07899053569583064,0.003732027487341515
6,0.5896907216494846,0.5577777777777778,1.0,0.7161198288159771,0.9247795144209485,0.14957264957264957,1.0,0.5747863247863247,35,199,0,251,0.627319587628866,0.031485521760980316,0.0035724981746191285
7,0.6061855670103092,0.5681818181818182,0.9960159362549801,0.723589001447178,0.9284741376374843,0.18803418803418803,0.9960159362549801,0.5920250621445841,44,190,1,250,0.6701030927835052,0.10890814553603509,0.003822495237634072
8,0.5567010309278351,0.5386266094420601,1.0,0.700139470013947,0.9363571355603229,0.0811965811965812,1.0,0.5405982905982906,19,215,0,251,0.6268041237113402,0.06911062169935824,0.004253115467085015
9,0.5670103092783505,0.544468546637744,1.0,0.7050561797752809,0.9406646916607075,0.10256410256410256,1.0,0.5512820512820513,24,210,0,251,0.6314432989690721,0.08299289229913352,0.004639271598183337
10,0.5505154639175258,0.535181236673774,1.0,0.6972222222222222,0.9348929070044608,0.06837606837606838,1.0,0.5341880341880342,16,218,0,251,0.6546391752577319,0.1448627864926149,0.004070945574752261
11,0.6164948453608248,0.5743707093821511,1.0,0.7296511627906976,0.9391323594510846,0.20512820512820512,1.0,0.6025641025641025,48,186,0,251,0.6917525773195876,0.10047712723847932,0.004352993977967843
12,0.5752577319587628,0.5492341356673961,1.0,0.7090395480225988,0.9361613375557599,0.11965811965811966,1.0,0.5598290598290598,28,206,0,251,0.6788659793814433,0.09600783570600814,0.004352751821756136
13,0.6082474226804123,0.5694760820045558,0.9960159362549801,0.7246376811594203,0.9418565056015256,0.19230769230769232,0.9960159362549801,0.5941618142813362,45,189,1,250,0.7108247422680413,0.1168125855662312,0.004495019237923976
14,0.5690721649484536,0.5456521739130434,1.0,0.7060478199718706,0.942018251779208,0.10683760683760683,1.0,0.5534188034188035,25,209,0,251,0.6536082474226803,0.07663615480431259,0.004497346879214956
15,0.7195876288659794,0.6517150395778364,0.9840637450199203,0.7841269841269841,0.9441209520890795,0.4358974358974359,0.9840637450199203,0.7099805904586781,102,132,4,247,0.7963917525773195,0.09480473132453728,0.004398339131442877
16,0.6041237113402061,0.5665914221218962,1.0,0.723342939481268,0.9411754690639152,0.1794871794871795,1.0,0.5897435897435898,42,192,0,251,0.702061855670103,0.13045616802573648,0.004721425287626363
17,0.5814432989690722,0.552863436123348,1.0,0.7120567375886525,0.9401794531276603,0.13247863247863248,1.0,0.5662393162393162,31,203,0,251,0.6402061855670103,0.040100309976859226,0.004914504047943462
18,0.5958762886597938,0.5615212527964206,1.0,0.7191977077363897,0.9406391527905472,0.1623931623931624,1.0,0.5811965811965812,38,196,0,251,0.6958762886597938,0.08340327245435414,0.0044353968589489175
19,0.6164948453608248,0.5743707093821511,1.0,0.7296511627906976,0.9429887288453025,0.20512820512820512,1.0,0.6025641025641025,48,186,0,251,0.7448453608247423,0.08276206215976346,0.0044823258254671275
20,0.6020618556701031,0.5653153153153153,1.0,0.7223021582733813,0.9479007048728164,0.1752136752136752,1.0,0.5876068376068376,41,193,0,251,0.6896907216494845,0.11465567633226381,0.004359017642323658
